title,sub_title,writer,published_date,thumbnail_img,content,html_content,imgs
"[‘쏙쏙’ 비행기 관찰 도감] 항공기, 비행기와 뭐가 다르지?",,"
        정리=현기성 기자 
         ",2023.09.05 23:00    ,http://kid.chosun.com/site/data/img_dir/2023/09/05/2023090502610_thumb.jpg,,"<div class=""read-news article"" id=""article"">
                        
                        <div class=""Paragraph"">
                            항공기? 비행기? 어떤 게 옳은 말일까요? 둘 다 옳은 말이지만 쓰임은 다릅니다. 어떤 것은 항공기라 부르고 어떤 것은 비행기라 부르죠. 항공기와 비행기는 어떤 차이가 있을까요?
                        </div>
                        
                        <div class=""Paragraph"">
                                		
                                            <div class=""center_img"">
                                                <dl style=""width:770px;"">
                                                    <dd>							  
                                                        
                                                        <img id=""artImg1"" src=""http://kid.chosun.com/site/data/img_dir/2023/09/05/2023090502601_0.jpg"" width=""770"" height=""615"" alt="" [‘쏙쏙’ 비행기 관찰 도감] 항공기, 비행기와 뭐가 다르지? "">
                                                        
                                                    </dd>
                                                    
                                                </dl>
                                            </div>
                            <b><font color=""#0066cc"">항공기와 비행기는 같으면서도 달라요</font></b><br><br>비행기와 항공기는 거의 비슷한 뜻으로 사용하고 있는데, 엄밀히 말하면 비행기와 항공기는 서로 달라요. 비행기는 항공기라 부를 수 있지만, 항공기를 비행기라 부를 수는 없어요. 항공기의 의미에 비행기가 포함되기 때문이에요. 즉, 비행기는 항공기의 한 종류에 속하는 말이랍니다.
                        </div>
                        
                        <div class=""Paragraph"">
                            <div><b>● 어린이 비행기 구조 대백과</b></div><div>이경윤 지음 | 남지우 그림 | 바이킹</div>
                        </div>
				</div>",
"문예상 9월 특선에 양서연(서울 서초초 6·산문), 김시연(충북 충주 성남초 3·동시)",,"
        정리=진현경 기자 
         ",2023.09.05 23:00    ,http://kid.chosun.com/site/data/img_dir/2023/09/05/2023090502610_thumb.jpg,,"<div class=""read-news article"" id=""article"">
                        
                        <div class=""Paragraph"">
                            어린이조선일보 문예상 2023년 9월 특선에 양서연(서울 서초초 6·산문), 김시연(충북 충주 성남초 3·동시) 학생이 뽑혔다. 이 밖에 산문·동시 부문의 가작과 입선 수상자를 2명씩 선정했다. 상장·부상은 각 수상자의 학교로 전달한다.<br><br>어린이조선일보는 매달 어린이들이 보낸 작품 가운데 우수작을 시상한다. 응모작의 주제와 분량에는 제한이 없으며, 한 사람이 여러 편 응모할 수 있다. 응모한 어린이가 직접 창작하지 않은 작품은 심사에서 제외된다. 2023년 10월 문예상 접수 마감일은 9월 19일이다.<br><br><b>●작품 보낼 곳<br>▲우편: </b>서울시 중구 세종대로21길 30, 조선일보사 업무동 1층 어린이조선일보 문예상 담당자 앞(우편번호 04519)<br><b>▲이메일: </b><a href=""mailto:contest@chosun.com"">contest@chosun.com   </a><br><b>●문의:</b> (02)724-7833<br><br><b>※학교·학년·연락처·주소를 반드시 적어주세요. 여러분도 문예상의 주인공이 될 수 있습니다. 주저 말고 도전하세요!</b>
                        </div>
				</div>",
[동시 한 모금] 짜! 짜! 짜!,,"
        정리=진현경 기자 
         ",2023.09.06 20:00    ,http://kid.chosun.com/site/data/img_dir/2023/09/05/2023090502610_thumb.jpg,,"<div class=""read-news article"" id=""article"">
                        
                        <div class=""Paragraph"">
                                		
                                            <div class=""center_img"">
                                                <dl style=""width:700px;"">
                                                    <dd>							  
                                                        
                                                        <img id=""artImg0"" src=""http://kid.chosun.com/site/data/img_dir/2023/09/06/2023090602763_0.jpg"" width=""700"" height=""505"" alt=""	/창비 "">
                                                        
                                                    </dd>
                                                    <dt><span>▲</span> /창비</dt>
                                                </dl>
                                            </div>
                            개성 있는 시적 발상과 맑은 언어로 그려낸 동시집이다. 상상의 시공간과 현실을 경계 없이 넘나드는 동시 55편이 수록돼 있다. 엉뚱하고 유쾌한 상상으로 가득한 동시가 일상의 풍경과 사물을 새롭게 환기하도록 돕는다. 독자에게 눈으로 보이는 것 너머의 이면을 마음껏 상상할 수 있도록 해 생각과 감각의 힘을 키워준다.
                        </div>
                        
                        <div class=""Paragraph"">
                            <div><b>● 짜! 짜! 짜!</b></div><div>김현서 글｜김슬기 그림｜창비</div>
                        </div>
				</div>",http://kid.chosun.com/site/data/img_dir/2023/09/06/2023090602763_0.jpg
"고즈넉한 산골 마을서 1주일… 그런데 여기, 수상한데?",,"
        진현경 기자 
         ",2023.09.06 20:00    ,http://kid.chosun.com/site/data/img_dir/2023/09/05/2023090502610_thumb.jpg,"연두와 푸름 남매는 엄마가 수술받고 회복하는 일주일 동안 '산골 체험 마을'에서 살게 된다. 누나 연두는 남동생 푸름이와 단둘이 생활해야 한다는 점이 마음에 들지 않지만, 엄마를 위해 참기로 한다. 산골 마을에서의 일상은 정답고 따뜻했다. 시원한 계곡에서의 물놀이, 맛있는 간식으로 먹는 옥수수와 감자, 별똥별이 수놓는 하늘 등 연두·푸름 남매는 어느새 고즈넉한 산골 마을에 스며든다. 그런데 신나는 물놀이를 한 이후 푸름이가 끙끙 앓던 밤, 연두는 수상함을 느낀다. 캄캄한 밤이 되자 마을 사람들이 전부 사라진 것이다. 생각해보니 마을 사람들은 식사도 하지 않고, 남매가 어디 있는지 항상 꿰뚫어보고 있었다. 무서워진 연두는 푸름이를 데리고 마을에서 탈출하기 위한 계획을 짠다. 비 오는 날 밤 마을을 탈출하던 연두는 커다란 부상을 입게 되고, 마을 사람들의 정체를 알게 된다.책은 미묘한 갈등을 겪는 연두·푸름 남매와 비밀스러운 산골 마을 사람들이라는 소재를 재미있게 엮어냈다. 신비로운 마을 사람들에게서 배어 나오는 따뜻함이 독자의 마음까지 포근하게 감싸준다. 또 연두와 푸름 남매가 일주일 동안 산골 마을에서 함께 살면서 서로를 이해하고 성장하는 모습을 담고 있다. 동생을 지키기 위해 노력하는 연두의 모습은 연두가 푸름을 얼마나 사랑하는지 느끼게 해준다. 정체를 알 수 없는 마을 사람들의 이야기에 긴장감이 돌다가도 감동적인 결말을 향해 달려가는 이야기를 통해 '사랑'이라는 마음을 느낄 수 있다.","<div class=""read-news article"" id=""article"">
                        
                        <div class=""Paragraph"">
                                		
                                            <div class=""center_img"">
                                                <dl style=""width:700px;"">
                                                    <dd>							  
                                                        
                                                        <img id=""artImg0"" src=""http://kid.chosun.com/site/data/img_dir/2023/09/06/2023090602755_0.jpg"" width=""700"" height=""750"" alt=""	/주니어김영사 "">
                                                        
                                                    </dd>
                                                    <dt><span>▲</span> /주니어김영사</dt>
                                                </dl>
                                            </div>
                            <div><b><font color=""#0066ff"">연두와 푸름이의 기묘한 여름 캠프</font></b></div><div><b>이분희 글 | 차상미 그림 | 주니어김영사</b></div><div><br></div><div>연두와 푸름 남매는 엄마가 수술받고 회복하는 일주일 동안 '산골 체험 마을'에서 살게 된다. 누나 연두는 남동생 푸름이와 단둘이 생활해야 한다는 점이 마음에 들지 않지만, 엄마를 위해 참기로 한다. 산골 마을에서의 일상은 정답고 따뜻했다. 시원한 계곡에서의 물놀이, 맛있는 간식으로 먹는 옥수수와 감자, 별똥별이 수놓는 하늘 등 연두·푸름 남매는 어느새 고즈넉한 산골 마을에 스며든다. 그런데 신나는 물놀이를 한 이후 푸름이가 끙끙 앓던 밤, 연두는 수상함을 느낀다. 캄캄한 밤이 되자 마을 사람들이 전부 사라진 것이다. 생각해보니 마을 사람들은 식사도 하지 않고, 남매가 어디 있는지 항상 꿰뚫어보고 있었다. 무서워진 연두는 푸름이를 데리고 마을에서 탈출하기 위한 계획을 짠다. 비 오는 날 밤 마을을 탈출하던 연두는 커다란 부상을 입게 되고, 마을 사람들의 정체를 알게 된다.</div><div><br></div><div>책은 미묘한 갈등을 겪는 연두·푸름 남매와 비밀스러운 산골 마을 사람들이라는 소재를 재미있게 엮어냈다. 신비로운 마을 사람들에게서 배어 나오는 따뜻함이 독자의 마음까지 포근하게 감싸준다. 또 연두와 푸름 남매가 일주일 동안 산골 마을에서 함께 살면서 서로를 이해하고 성장하는 모습을 담고 있다. 동생을 지키기 위해 노력하는 연두의 모습은 연두가 푸름을 얼마나 사랑하는지 느끼게 해준다. 정체를 알 수 없는 마을 사람들의 이야기에 긴장감이 돌다가도 감동적인 결말을 향해 달려가는 이야기를 통해 '사랑'이라는 마음을 느낄 수 있다.</div>
                        </div>
                        
                        <div class=""Paragraph"">
                            <div style=""padding: 15px 20px; border-radius: 10px; border: 2px solid rgb(246, 213, 184); border-image: none;""><strong><font color=""#ff6600"">★</font>책을 읽고 활동해봅시다!</strong><br><br>1. 산골 마을에 가본 적이 있나요? 어떤 느낌을 받았는지 말해 보세요.<br>2. 언니·오빠, 형·누나 또는 동생을 위해 선행을 베풀었을 때 어떤 마음이 들었는지 얘기해 봅시다.</div>
                        </div>
				</div>",http://kid.chosun.com/site/data/img_dir/2023/09/06/2023090602755_0.jpg
[인류가 다스린 바이러스] 모든 변종 바이러스 맞설 ‘만능 백신’ 연구 중,,"
        정리=신현주 기자 
         ",2023.09.06 20:00    ,http://kid.chosun.com/site/data/img_dir/2023/09/05/2023090502610_thumb.jpg,,"<div class=""read-news article"" id=""article"">
                        
                        <div class=""Paragraph"">
                                		
                                            <div class=""center_img"">
                                                <dl style=""width:700px;"">
                                                    <dd>							  
                                                        
                                                        <img id=""artImg0"" src=""http://kid.chosun.com/site/data/img_dir/2023/09/06/2023090602899_0.jpg"" width=""700"" height=""400"" alt=""	2020년 제약회사 ‘화이자’가 출시한 코로나 바이러스 백신. /조선일보DB "">
                                                        
                                                    </dd>
                                                    <dt><span>▲</span> 2020년 제약회사 ‘화이자’가 출시한 코로나 바이러스 백신. /조선일보DB</dt>
                                                </dl>
                                            </div>
                            지금까지 과학적으로 많은 발전이 이뤄졌고 연구가 진행되는데도, 왜 사람들은 해마다 독감에 걸리는지 궁금할 거예요. 그 이유는 변종 바이러스가 많아 독감의 종류가 다양하기 때문이에요. 아직도 그 모든 독감에 대항할 수 있는 단 하나의 백신을 개발하지 못했답니다.<br><br>바이러스는 스스로를 복제하고 변신하는데, 연구자들은 다가올 독감 유행 시기에 어떤 변종이 나타날지 알 방법이 없어요. 그래서 세계 보건 기구는 매년 유행할 것 같은 변종 바이러스를 예측하고 백신을 만듭니다.<br><br>전문가들이 총동원되어 백신을 열심히 개발하고는 있지만, 여전히 어려움이 남아 있어요. 매년 10월 접종을 앞두고 백신에 어떤 변종 바이러스를 넣을 것인지 결정해야 하거든요. 만약 기한이 임박하여 새로운 변종 바이러스가 나타나면 백신에 넣을 수 없지요. 그럴 때 백신은 반쪽짜리 효과만 보이게 돼요. 예측이 빗나가면 기껏 맞은 백신이 소용없는 상황도 생겨납니다.
                        </div>
                        
                        <div class=""Paragraph"">
                                		
                                            <div class=""center_img"">
                                                <dl style=""width:700px;"">
                                                    <dd>							  
                                                        
                                                        <img id=""artImg1"" src=""http://kid.chosun.com/site/data/img_dir/2023/09/06/2023090602899_1.jpg"" width=""700"" height=""772"" alt=""	독감 백신에 어떤 바이러스를 넣을지 결정하기 위해 시험하고 있어요. "">
                                                        
                                                    </dd>
                                                    <dt><span>▲</span> 독감 백신에 어떤 바이러스를 넣을지 결정하기 위해 시험하고 있어요.</dt>
                                                </dl>
                                            </div>
                            <div>과학자들은 모든 변종 바이러스를 포함하면서도 해마다 업데이트할 필요가 없는, 전 세계에 공통으로 적용할 수 있는 백신을 계속 연구하고 있어요. 이 백신을 개발하는 데 성공한다면 부분적으로만 효과를 볼 수 있어도 수백만 명이 병에 걸리지 않도록 지켜 줄 거예요. 혹시 걸렸다 하더라도 가벼운 증상으로 넘어갈 수 있도록 도움을 준답니다.</div><div><br></div><div>오늘날 과학자들은 다음 유행병이 그 이전에는 한 번도 보지 못한 세균과 바이러스 때문에 일어날 거라고 생각해요. 전 세계 곳곳에서 일어나는 변화로 전염병이 창궐할 가능성이 더욱 높아지고 있답니다.</div>
                        </div>
                        
                        <div class=""Paragraph"">
                            <div><b>● 세균과 바이러스에 감염된 세계사</b></div><div>케이트 메스너 글｜팰린 코치 그림｜김미선 옮김｜책과함께어린이</div>
                        </div>
				</div>","http://kid.chosun.com/site/data/img_dir/2023/09/06/2023090602899_0.jpg,http://kid.chosun.com/site/data/img_dir/2023/09/06/2023090602899_1.jpg"
"“무늬만 친환경, 꼼짝 마!” 유명 기업의 ‘그린워싱’","나이키, 재활용 소재 마케팅 허위 의혹캐나다구스, 불법 포획 모피 사용 드러나","
        신현주 기자 
         ",2023.09.06 20:00    ,http://kid.chosun.com/site/data/img_dir/2023/09/05/2023090502610_thumb.jpg,,"<div class=""read-news article"" id=""article"">
                        <h3>나이키, 재활용 소재 마케팅 허위 의혹<br>캐나다구스, 불법 포획 모피 사용 드러나</h3>
                        <div class=""Paragraph"">
                                		
                                            <div class=""center_img"">
                                                <dl style=""width:700px;"">
                                                    <dd>							  
                                                        
                                                        <img id=""artImg0"" src=""http://kid.chosun.com/site/data/img_dir/2023/09/06/2023090602681_0.jpg"" width=""700"" height=""765"" alt=""	/아이클릭아트 "">
                                                        
                                                    </dd>
                                                    <dt><span>▲</span> /아이클릭아트</dt>
                                                </dl>
                                            </div>
                            각국 정부와 소비자들이 친환경을 실천하는 '척' 하는 그린워싱 기업을 골라내고 있어요. 그린워싱<b><font color=""#ff6600"">*</font></b>에는 품질이 떨어지는 상품에 친환경 이미지를 씌워 판매하는 상술이나 기후 위기에 적극적으로 대응하는 것처럼 속이는 행위도 포함돼요.
                        </div>
                        
                        <div class=""Paragraph"">
                                		
                                            <div class=""center_img"">
                                                <dl style=""width:700px;"">
                                                    <dd>							  
                                                        
                                                        <img id=""artImg1"" src=""http://kid.chosun.com/site/data/img_dir/2023/09/06/2023090602681_1.jpg"" width=""700"" height=""384"" alt=""	2016년 국제동물보호단체 페타(PETA)가 ‘캐나다구스’의 그린워싱을 비판하는 시위를 벌이고 있다. /People for the Ethical Treatment of Animals 페이스북 "">
                                                        
                                                    </dd>
                                                    <dt><span>▲</span> 2016년 국제동물보호단체 페타(PETA)가 ‘캐나다구스’의 그린워싱을 비판하는 시위를 벌이고 있다. /People for the Ethical Treatment of Animals 페이스북</dt>
                                                </dl>
                                            </div>
                            <div>스포츠 의류 브랜드 '나이키'가 그린워싱 의혹에 휩싸였어요. 2023년 5월 미국 중서부 미주리주에서 한 소비자가 ""나이키의 지속 가능 컬렉션 제품 2452개 가운데 실제로 재활용 소재로 만들어진 제품은 고작 239개로 전체 상품의 10％ 채 안 된다""며 나이키를 상대로 소송을 건 것입니다. 아웃도어 전문 브랜드 '캐나다구스'는 그린워싱 소동으로 2022년에 동물 모피 사용을 전면 중단했습니다. 2020년 당시 캐나다구스는 '우리의 모든 천연 모피는 인증된 포획 업체에서만 구매합니다'라고 홍보했지만, 일부 천연 모피를 인증받지 않은 포획 업자를 통해 거래한 사실이 알려지면서 소비자들에게 비난받았거든요.</div><div><br></div><div>한편, 우리나라 공정거래위원회 역시 그린워싱 규제가 도입됐어요. 일부 친환경 재료를 사용해 만든 물건을 완벽한 친환경 제품이라고 광고하거나 친환경 용어를 직접 사용하지 않고 ▲그림 ▲사진 ▲(녹색) 글씨 등으로 친환경을 위장할 경우 불공정 행위로 처벌받게 돼요.</div>
                        </div>
                        
                        <div class=""Paragraph"">
                            <b><font color=""#ff6600"">*그린워싱(Greenwashing):</font></b> 환경에 악영향을 끼치는 제품을 생산하면서도 기업이 경제적 이윤을 목적으로 광고 등을 통해 친환경적인 이미지를 내세우는 행위를 뜻함.
                        </div>
                        
                        <div class=""Paragraph"">
                            <font color=""#ff0000"">→ '그린워싱'의 개념을 한번 더 정리한 다음, 인터넷을 활용해 국내 그린워싱 기업의 사례를 찾아봅시다.</font>
                        </div>
				</div>","http://kid.chosun.com/site/data/img_dir/2023/09/06/2023090602681_0.jpg,http://kid.chosun.com/site/data/img_dir/2023/09/06/2023090602681_1.jpg"
[한줄읽기] 놀면서 배우는 초등필수 명심보감,,"
        정리=진현경 기자 
         ",2023.09.06 20:00    ,http://kid.chosun.com/site/data/img_dir/2023/09/06/2023090602784_thumb.jpg,'마음을 밝히는 보배로운 거울'이라는 뜻의 명심보감은 조선시대 아이들이 서당에서 배우던 교과서였다. 마음을 맑고 건강하게 가꿔주는 옛 성현의 가르침이 담겨 있기 때문이다. 책은 명심보감의 내용을 초등 교과와 연계해 구성했다. 귀엽고 엉뚱한 캐릭터를 통해 명심보감의 쓰임을 쉽게 다루고 있다. 또 퀴즈를 통해 명심보감 구절의 비슷한 속담과 사자성어까지 학습할 수 있도록 돕는다.,"<div class=""read-news article"" id=""article"">
                        
                        <div class=""Paragraph"">
                                		
                                            <div class=""center_img"">
                                                <dl style=""width:450px;"">
                                                    <dd>							  
                                                        
                                                        <img id=""artImg0"" src=""http://kid.chosun.com/site/data/img_dir/2023/09/06/2023090602773_0.jpg"" width=""450"" height=""611"" alt="" [한줄읽기] 놀면서 배우는 초등필수 명심보감 "">
                                                        
                                                    </dd>
                                                    
                                                </dl>
                                            </div>
                            <div><b><font color=""#0066ff"">놀면서 배우는 초등필수 명심보감</font></b></div><div><b>초등국어연구소 글｜유희수 그림｜카시오페아</b></div><div><br></div><div>'마음을 밝히는 보배로운 거울'이라는 뜻의 명심보감은 조선시대 아이들이 서당에서 배우던 교과서였다. 마음을 맑고 건강하게 가꿔주는 옛 성현의 가르침이 담겨 있기 때문이다. 책은 명심보감의 내용을 초등 교과와 연계해 구성했다. 귀엽고 엉뚱한 캐릭터를 통해 명심보감의 쓰임을 쉽게 다루고 있다. 또 퀴즈를 통해 명심보감 구절의 비슷한 속담과 사자성어까지 학습할 수 있도록 돕는다.</div><br><div style=""margin-top: 25px; border-top-color: rgb(215, 215, 215); border-top-width: 2px; border-top-style: dashed;""></div>
                        </div>
                        
                        <div class=""Paragraph"">
                                		
                                            <div class=""center_img"">
                                                <dl style=""width:450px;"">
                                                    <dd>							  
                                                        
                                                        <img id=""artImg1"" src=""http://kid.chosun.com/site/data/img_dir/2023/09/06/2023090602773_1.jpg"" width=""450"" height=""598"" alt="" [한줄읽기] 놀면서 배우는 초등필수 명심보감 "">
                                                        
                                                    </dd>
                                                    
                                                </dl>
                                            </div>
                            <div><b><font color=""#0066ff"">슬기로운 소비 생활</font></b></div><div><b>조희정 글｜김지하 그림｜다림</b></div><div><br></div><div>습관처럼 들르는 편의점부터 부모님과 함께 가는 마트, 흔하게 보이는 무인매장과 시시때때로 광고를 하는 소셜미디어(SNS)까지 우리는 상품과 소비로 둘러싸인 세상에 살고 있다. 하지만 유행에 따라 충동 소비를 하다 보면 정작 필요한 일에 돈을 쓰지 못하는 상황에 부닥칠 수도 있다. 책은 다양한 소비 현장에서 무심코 벌여왔던 우리의 소비를 다시 한번 점검하도록 한다. 또 용돈 기입장을 쓰는 방법을 세세하게 다뤄 나만의 소비 기준을 세울 수 있도록 이끈다.</div><br><div style=""margin-top: 25px; border-top-color: rgb(215, 215, 215); border-top-width: 2px; border-top-style: dashed;""></div>
                        </div>
                        
                        <div class=""Paragraph"">
                                		
                                            <div class=""center_img"">
                                                <dl style=""width:450px;"">
                                                    <dd>							  
                                                        
                                                        <img id=""artImg2"" src=""http://kid.chosun.com/site/data/img_dir/2023/09/06/2023090602773_2.jpg"" width=""450"" height=""666"" alt="" [한줄읽기] 놀면서 배우는 초등필수 명심보감 "">
                                                        
                                                    </dd>
                                                    
                                                </dl>
                                            </div>
                            <div><b><font color=""#0066ff"">구두를 신은 세계사</font></b></div><div><b>태지원 글｜자음과모음</b></div><div><br></div><div>신발은 우리에게 익숙한 물건이다. 누구나 일상에서 다양한 신발을 신기 때문이다. 하지만 신발이 각각 어떤 이야기를 담고 있는지에 대해선 크게 알려진 것이 없다. 뾰족한 하이힐을 처음 신은 사람은 누구일까? 책은 이런 작은 의문에서 이야기를 시작한다. 나아가 '스니커테크'에 열광하는 사람들, TV 속 신발 광고가 우리의 욕망을 지배하는 과정, 여성을 억압하던 중국의 전족 문화 등 세계 곳곳의 역사와 문화 이야기로 내용을 확장한다. 책을 읽으며 신발이라는 소재로 각국의 문화를 이해할 수 있다.</div><br><div style=""margin-top: 25px; border-top-color: rgb(215, 215, 215); border-top-width: 2px; border-top-style: dashed;""></div>
                        </div>
                        
                        <div class=""Paragraph"">
                                		
                                            <div class=""center_img"">
                                                <dl style=""width:450px;"">
                                                    <dd>							  
                                                        
                                                        <img id=""artImg3"" src=""http://kid.chosun.com/site/data/img_dir/2023/09/06/2023090602773_3.jpg"" width=""450"" height=""557"" alt="" [한줄읽기] 놀면서 배우는 초등필수 명심보감 "">
                                                        
                                                    </dd>
                                                    
                                                </dl>
                                            </div>
                            <div><b><font color=""#0066ff"">이상한 몸 박물관</font></b></div><div><b>레이철 폴리퀸 글｜클레이턴 핸머 그림｜조은영 옮김｜동녘주니어</b></div><div><br></div><div>자유자재로 움직일 수 있는 팔과 다리, 힘차게 뛰는 심장, 복잡한 생각을 하는 머리는 누구나 잘 알고 있는 신체 부위다. 하지만 우리 몸에는 기억에서 잊히고 지워져 '흔적'만 남은 부위가 있다. ▲골칫덩어리가 된 '사랑니' ▲오래전 긴 털을 꽉 잡아 세워주던 '털세움근' ▲나무에서 살던 인간의 역사를 알려주는 '원숭이 근육' 등이 그 예시다. 책은 우리 몸에 남은 흔적 기관을 살피며 인류의 진화 과정을 상세히 설명한다.</div>
                        </div>
				</div>","http://kid.chosun.com/site/data/img_dir/2023/09/06/2023090602773_0.jpg,http://kid.chosun.com/site/data/img_dir/2023/09/06/2023090602773_1.jpg,http://kid.chosun.com/site/data/img_dir/2023/09/06/2023090602773_2.jpg,http://kid.chosun.com/site/data/img_dir/2023/09/06/2023090602773_3.jpg"
[시사체크! 키워드] Y염색체,성별 결정 'Y염색체' 완벽 해독20년 만에 인간 게놈지도 완성남성 암·불임 등 연구에 활용,"
        신현주 기자 
         ",2023.09.06 20:00    ,http://kid.chosun.com/site/data/img_dir/2023/09/06/2023090602784_thumb.jpg,"염색체는 유전자를 갖고 있는 세포 속 중요 기관입니다. 사람은 총 23쌍의 염색체를 갖고 있는데요. 염색체는 각각 크기와 형태에 따라 1번부터 22번 쌍이 있습니다. 23번째 염색체 X염색체 2개, 혹은 X염색체 1개, Y염색체 1개로 이뤄집니다. X와 Y염색체는 성별을 결정하는 중요한 염색체로 '성염색체'라고도 불러요. X염색체 2개가 있으면 여성, X·Y염색체가 1개씩 있으면 남성이 되죠.8월 23일(현지 시각) 미국 국립보건원 산하 국립인간게놈연구소 연구진이 Y염색체 염기 서열을 모두 해석해냈어요. 염기 서열은 유전자를 만드는 순서입니다. 염기가 어떻게 배열됐는지에 따라 유전자 종류가 달라져요. 1990년부터 2003년까지 사람이 갖고 있는 모든 염기 서열을 해석하는 '인간 게놈 프로젝트'를 통해 염색체 23쌍의 지도가 만들어졌습니다. 이때 Y염색체만 따로 해독하지 않았었죠. 이번에 Y염색체를 해독함으로써 20년 만에 인간 게놈지도가 완전히 완성된 거예요.Y염색체는 다른 염색체보다 크기가 작아요. 심지어 같은 염기서열이 반복되는 부분이 많습니다. 이 때문에 염기 서열 분석 기술이 발달하기 전에는 Y 염색체의 염기 서열을 정확하게 구분하기 어려웠어요. 이번 연구에서는 Y염색체에 단백질 합성에 관여하는 유전자가 106개 있다는 사실이 새롭게 밝혀졌습니다. 기존에 알려진 유전자보다 41개 더 많아졌죠. 새롭게 발견된 Y염색체 구성 유전자들은 앞으로 남성의 암, 불임 등 남성 질환을 연구하는 데 사용될 것으로 보입니다.","<div class=""read-news article"" id=""article"">
                        <h3>성별 결정 'Y염색체' 완벽 해독<br>20년 만에 인간 게놈지도 완성<br>남성 암·불임 등 연구에 활용</h3>
                        <div class=""Paragraph"">
                                		
                                            <div class=""center_img"">
                                                <dl style=""width:700px;"">
                                                    <dd>							  
                                                        
                                                        <img id=""artImg0"" src=""http://kid.chosun.com/site/data/img_dir/2023/09/06/2023090602725_0.jpg"" width=""700"" height=""466"" alt=""	/Science Photo Library "">
                                                        
                                                    </dd>
                                                    <dt><span>▲</span> /Science Photo Library</dt>
                                                </dl>
                                            </div>
                            <div>염색체는 유전자를 갖고 있는 세포 속 중요 기관입니다. 사람은 총 23쌍의 염색체를 갖고 있는데요. 염색체는 각각 크기와 형태에 따라 1번부터 22번 쌍이 있습니다. 23번째 염색체 X염색체 2개, 혹은 X염색체 1개, Y염색체 1개로 이뤄집니다. X와 Y염색체는 성별을 결정하는 중요한 염색체로 '성염색체'라고도 불러요. X염색체 2개가 있으면 여성, X·Y염색체가 1개씩 있으면 남성이 되죠.</div><div><br></div><div>8월 23일(현지 시각) 미국 국립보건원 산하 국립인간게놈연구소 연구진이 Y염색체 염기 서열을 모두 해석해냈어요. 염기 서열은 유전자를 만드는 순서입니다. 염기가 어떻게 배열됐는지에 따라 유전자 종류가 달라져요. 1990년부터 2003년까지 사람이 갖고 있는 모든 염기 서열을 해석하는 '인간 게놈 프로젝트'를 통해 염색체 23쌍의 지도가 만들어졌습니다. 이때 Y염색체만 따로 해독하지 않았었죠. 이번에 Y염색체를 해독함으로써 20년 만에 인간 게놈지도가 완전히 완성된 거예요.</div><div><br></div><div>Y염색체는 다른 염색체보다 크기가 작아요. 심지어 같은 염기서열이 반복되는 부분이 많습니다. 이 때문에 염기 서열 분석 기술이 발달하기 전에는 Y 염색체의 염기 서열을 정확하게 구분하기 어려웠어요. 이번 연구에서는 Y염색체에 단백질 합성에 관여하는 유전자가 106개 있다는 사실이 새롭게 밝혀졌습니다. 기존에 알려진 유전자보다 41개 더 많아졌죠. 새롭게 발견된 Y염색체 구성 유전자들은 앞으로 남성의 암, 불임 등 남성 질환을 연구하는 데 사용될 것으로 보입니다.</div>
                        </div>
                        
                        <div class=""Paragraph"">
                            <font color=""#ff0000"">→ 본문에 나온 염색체와 Y염색체의 정의를 손글씨로 한 번 더 정리해 봅시다.</font>
                        </div>
				</div>",http://kid.chosun.com/site/data/img_dir/2023/09/06/2023090602725_0.jpg
[어린이 튼튼 안내서] 어릴 때 담배 접하면 ‘돌이킬 수 없는 뇌 손상’ 학습 능력·기억력 담당하는 뇌 세포에 치명적,"아동·청소년, 성인보다 중독에 취약니코틴 의존도 더 높아 끊기 어려워눈·위·식도·폐 등 신체 전반에 악영향","
        고은영 기자 
         ",2023.09.06 20:00    ,http://kid.chosun.com/site/data/img_dir/2023/09/05/2023090502610_thumb.jpg,,"<div class=""read-news article"" id=""article"">
                        <h3>아동·청소년, 성인보다 중독에 취약<br>니코틴 의존도 더 높아 끊기 어려워<br>눈·위·식도·폐 등 신체 전반에 악영향</h3>
                        <div class=""Paragraph"">
                            <p align=""center"" style=""margin: 0px;""><img alt=""어린이 튼튼 안내서"" src=""https://kid.chosun.com/site/data/img_dir/2023/04/30/230501_02_1.gif""></p><div style=""text-align: center;""><b>흡연의 유해성</b></div>
                        </div>
                        
                        <div class=""Paragraph"">
                                		
                                            <div class=""center_img"">
                                                <dl style=""width:700px;"">
                                                    <dd>							  
                                                        
                                                        <img id=""artImg1"" src=""http://kid.chosun.com/site/data/img_dir/2023/09/06/2023090602665_0.jpg"" width=""700"" height=""416"" alt=""	대구 시내 초등학교 10개교 학생 2200여 명이 금연을 주제로 그린 작품이 벽화로 재탄생했다. "">
                                                        
                                                    </dd>
                                                    <dt><span>▲</span> 대구 시내 초등학교 10개교 학생 2200여 명이 금연을 주제로 그린 작품이 벽화로 재탄생했다.</dt>
                                                </dl>
                                            </div>
                            
                        </div>
                        
                        <div class=""Paragraph"">
                                		
                                            <dl class=""left_img"" style=""width:300px;"">
                                                <dd>							  
                                                    
                                                    <img id=""artImg2"" src=""http://kid.chosun.com/site/data/img_dir/2023/09/06/2023090602665_1.jpg"" width=""300"" height=""300"" alt="" [어린이 튼튼 안내서] 어릴 때 담배 접하면 ‘돌이킬 수 없는 뇌 손상’ 학습 능력·기억력 담당하는 뇌 세포에 치명적 "">
                                                    
                                                </dd>
                                                
                                            </dl>
                            <div>독서, 운동 등 어릴 때부터 시작할수록 좋은 것이 많지만 이것만큼은 아닙니다. 바로 '담배'예요. 어릴 때 담배를 시작할수록 더 끊기 어렵다는 최근 연구 결과가 이를 뒷받침합니다. 8월 28일, 일본 국립병원기구 교토의료센터 하세가와 고지 박사팀은 금연 클리닉 방문자 1382명을 4개 집단으로 나눠 니코틴에 얼마나 의존하고 있는지 분석한 결과를 발표했어요. 그 결과 17세 이하 집단의 니코틴 의존도가 가장 높았답니다.</div><div><br></div><div>질병관리청이 2022년에 국내 중학교 400개교와 고등학교 400개교를 대상으로 진행한 청소년건강행태조사에 따르면 전국 청소년 중 5.4%가 '현재 흡연 중'이라고 답했어요. 서울특별시로 한정해서 보면 서울시내 중고등학생 8.2%가 '담배를 피운 경험이 있다'고 답했는데, 흡연 경험이 있는 중학생의 28.0%, 고등학생 14.2%가 '초등학교 때 혹은 초등학교 입학 전에 흡연을 처음 경험했다'고 응답했죠. 청소년의 흡연은 이미 초등학교에서부터 시작된다는 거예요.</div><div><br></div><div>니코틴은 옅은 노란색 유성 액체로 담뱃잎에 많이 들어 있어요. 담배는 니코틴을 뇌로 빠르게 전달하는 매개체죠. 담배 연기 한 모금을 들이마시면 8초 뒤에 뇌에 니코틴이 전달돼요. 순간적으로 잠을 깨우거나 스트레스를 해소 하지만 구토를 일으키거나 손떨림을 만들죠. 무엇보다 뇌를 점차 니코틴이 주는 효과에 의존시켜 중독되도록 만듭니다. 니코틴에 중독되면 자꾸만 담배를 찾고, 끊으려고 해도 뜻대로 해내기 어려워져요. 특히 초등학생은 성인보다 담배에 더 중독되기 쉬워요. 담배의 심각성을 간과하는 경향이 있기도 하고, 무엇보다 10대의 뇌는 아직 발달하는 중이기 때문이에요. 니코틴은 아직 성숙하지 못한 뇌에 영향을 줘 정상적으로 발달하지 못하게 만듭니다. 주의력이나 학습 능력, 기억력을 담당하는 뇌 세포 활동을 방해하죠. 뇌가 제대로 발달하지 못하기 때문에 성인이 된 뒤는 더 강력한 효과가 일어납니다. 논리적으로 생각하지 않고 충동적으로 행동하거나 극단적으로 기분이 좋아졌다가 나빠지는 등 기분장애를 겪을 수 있죠.</div><div><br></div><div>신체 건강에도 안 좋은 영향을 미쳐요. 눈에 엉뚱한 신생 혈관이 생기거나 황반변성이 일어나 자칫하면 시력을 잃을 수도 있어요. 니코틴 때문에 헬리코박터 파일로리균 감염률이 높아져 위식도 역류 장애, 소화성 궤양 장애로도 이어지죠. 폐암의 직접적인 원인이라는 건 더 말할 필요도 없겠죠.</div><div><br></div><div>흡연을 처음 시작하는 나이는 담배를 피운 기간, 담배 연기를 흡입하는 정도 못지않게 니코틴 중독을 결정하는 중요한 요인이랍니다. 그러니 담배가 궁금하더라도 나중의 나중으로 미루길 바라요. 물론 백해무익한 담배를 평생 피우지 않으면 가장 좋겠죠!</div>
                        </div>
                        
                        <div class=""Paragraph"">
                            <div style=""background:#FDE2E6; padding: 10px 15px; border-radius: 5px;overflow:hidden;""><img style=""margin: 0px 10px 0px 0px; vertical-align: top;"" align=""left"" alt=""질문"" src=""https://kid.chosun.com/site/data/img_dir/2023/06/15/230616_01_0.png""><font color=""#ff0000"">친구가 같이 담배를 피우자고 권유한 적이 있나요? 동의했거나 거절했던 경험을 말해주세요. 또 왜 그렇게 행동했는지도 적어보세요.</font></div>
                        </div>
				</div>",
체육교육과 3인이 쓴 물리수학 논문 ‘세계가 인정’ “전공 한계 뛰어넘어 다양한 도전 해보세요”,박일승·이준혁 학부생과 안주은 지도교수'리아푸노프 지수' 측정하는 알고리즘 개발물리수학 분야 세계적 학술지에 이름 올려,"
        글·사진=현기성 기자 
         ",2023.09.06 20:00    ,http://kid.chosun.com/site/data/img_dir/2023/09/05/2023090502610_thumb.jpg,"""실패해도 많이 도전하세요. 후회보다 얻는 게 훨씬 많을 거예요.""(이준혁)8월 31일 서울대학교 신체육관에서 체육교육과 학부생 박일승(27)씨와 이준혁(25)씨, 그들의 지도교수 안주은 체육교육과 교수를 만났어요. 이들은 '리아푸노프 지수'를 측정하는 알고리즘을 개발한 논문으로 8월 16일, 물리수학 분야 세계 1위 학술지 '카오스, 솔리톤스 앤드 프랙털스'에 저자로 이름을 올렸죠.보통 전공이 체육교육과라면 체육 선생님이 될 거라고 생각하는데요. 미래의 체육 선생님들이 어떻게 물리수학 분야 연구를 할 수 있었을까요? 체육 전공자라고 한계를 갖지 않고 적극적으로 다양한 분야를 탐구한 결과예요. 박씨는 ""체육교육과 학부생이라고 물리수학을 연구할 수 없다는 것은 편견이에요. 학문 간 경계가 모호해지고 있어요""라고 이야기했죠.박씨와 이씨는 체육교육을 전공했지만 평소 관심이 있었던 다른 분야를 적극적으로 공부해왔어요. 박씨는 물리학을, 이씨는 인공지능을 복수전공했죠. 박씨는 ""물리학은 자료를 측정하고 원리를 파악해 발전하는 학문""이라며 ""체육에 물리학을 더해 사람의 움직임을 측정하고 원리를 파악하고 싶어요""라고 했어요. 이씨는 인공지능이 지금까지 사람이 해결하지 못했던 문제를 해결하는 것을 보고 ""스포츠에도 인공지능을 활용하고 싶어 공부했어요""라고 답했죠.체육과 물리학, 인공지능을 연결하는 데 도움을 준 것은 지도교수인 안 교수였어요. 그는 미국 매사추세츠공대(MIT)에서부터 기계공학을 연구했어요. 소속만 보면 기계공학에서 체육으로 바꾼 것으로 보이지만 계속 유사한 연구를 해왔죠. 로봇을 이용해 사람들의 운동 재활을 돕는 연구를 하면서 '정상적인 운동'이 무엇인지 연구 중이랍니다.세 사람은 진로를 고민하는 어린이조선일보 독자들에게 일단 무엇이든 다양하게 경험해보라고 조언했어요. 안 교수는 ""다양한 경험을 해봐야 자신에 대해서 알고, 꿈을 찾을 수 있어요. 자신을 더 잘 알기 위해 다양한 도전을 했으면 해요. 무의미한 실패는 없거든요""라고 말했죠. 박씨는 ""특정 학과의 단면만 보지 말고 다양하게 생각해보고 직접 가서 경험하길 바라요""라고 덧붙였죠.","<div class=""read-news article"" id=""article"">
                        <h3>박일승·이준혁 학부생과 안주은 지도교수<br>'리아푸노프 지수' 측정하는 알고리즘 개발<br>물리수학 분야 세계적 학술지에 이름 올려</h3>
                        <div class=""Paragraph"">
                                		
                                            <div class=""center_img"">
                                                <dl style=""width:700px;"">
                                                    <dd>							  
                                                        
                                                        <img id=""artImg0"" src=""http://kid.chosun.com/site/data/img_dir/2023/09/06/2023090602709_0.jpg"" width=""700"" height=""590"" alt=""	왼쪽부터 박일승씨, 안주은 교수, 이준혁씨. 안 교수는 “대학에서는 문제 해결 능력을 키우고, 좋은 동료를 만나야 합니다. 끊임없이 도전하고 서로를 믿는 자세를 가져야 합니다. 이 친구들은 그렇게 노력해 좋은 결과를 얻을 수 있었어요”라며 미소 지었어요. "">
                                                        
                                                    </dd>
                                                    <dt><span>▲</span> 왼쪽부터 박일승씨, 안주은 교수, 이준혁씨. 안 교수는 “대학에서는 문제 해결 능력을 키우고, 좋은 동료를 만나야 합니다. 끊임없이 도전하고 서로를 믿는 자세를 가져야 합니다. 이 친구들은 그렇게 노력해 좋은 결과를 얻을 수 있었어요”라며 미소 지었어요.</dt>
                                                </dl>
                                            </div>
                            <div>""실패해도 많이 도전하세요. 후회보다 얻는 게 훨씬 많을 거예요.""(이준혁)</div><div><br></div><div>8월 31일 서울대학교 신체육관에서 체육교육과 학부생 박일승(27)씨와 이준혁(25)씨, 그들의 지도교수 안주은 체육교육과 교수를 만났어요. 이들은 '리아푸노프 지수'<b><font color=""#009966"">*</font></b>를 측정하는 알고리즘을 개발한 논문으로 8월 16일, 물리수학 분야 세계 1위 학술지 '카오스, 솔리톤스 앤드 프랙털스'에 저자로 이름을 올렸죠.</div><div><br></div><div>보통 전공이 체육교육과라면 체육 선생님이 될 거라고 생각하는데요. 미래의 체육 선생님들이 어떻게 물리수학 분야 연구를 할 수 있었을까요? 체육 전공자라고 한계를 갖지 않고 적극적으로 다양한 분야를 탐구한 결과예요. 박씨는 ""체육교육과 학부생이라고 물리수학을 연구할 수 없다는 것은 편견이에요. 학문 간 경계가 모호해지고 있어요""라고 이야기했죠.</div><div><br></div><div>박씨와 이씨는 체육교육을 전공했지만 평소 관심이 있었던 다른 분야를 적극적으로 공부해왔어요. 박씨는 물리학을, 이씨는 인공지능을 복수전공했죠. 박씨는 ""물리학은 자료를 측정하고 원리를 파악해 발전하는 학문""이라며 ""체육에 물리학을 더해 사람의 움직임을 측정하고 원리를 파악하고 싶어요""라고 했어요. 이씨는 인공지능이 지금까지 사람이 해결하지 못했던 문제를 해결하는 것을 보고 ""스포츠에도 인공지능을 활용하고 싶어 공부했어요""라고 답했죠.</div><div><br></div><div>체육과 물리학, 인공지능을 연결하는 데 도움을 준 것은 지도교수인 안 교수였어요. 그는 미국 매사추세츠공대(MIT)에서부터 기계공학을 연구했어요. 소속만 보면 기계공학에서 체육으로 바꾼 것으로 보이지만 계속 유사한 연구를 해왔죠. 로봇을 이용해 사람들의 운동 재활을 돕는 연구를 하면서 '정상적인 운동'이 무엇인지 연구 중이랍니다.</div><div><br></div><div>세 사람은 진로를 고민하는 어린이조선일보 독자들에게 일단 무엇이든 다양하게 경험해보라고 조언했어요. 안 교수는 ""다양한 경험을 해봐야 자신에 대해서 알고, 꿈을 찾을 수 있어요. 자신을 더 잘 알기 위해 다양한 도전을 했으면 해요. 무의미한 실패는 없거든요""라고 말했죠. 박씨는 ""특정 학과의 단면만 보지 말고 다양하게 생각해보고 직접 가서 경험하길 바라요""라고 덧붙였죠.</div>
                        </div>
                        
                        <div class=""Paragraph"">
                            <b><font color=""#009966"">*리아푸노프 지수:</font></b> 사람이 움직일 때 초기 상태가 결과에 얼마나 민감하게 영향을 끼치는지를 나타낸 지표.
                        </div>
                        
                        <div class=""Paragraph"">
                            <font color=""#ff0000"">→ 여러분이 관심 있는 분야와 학과를 꼽아보세요. 해당 학과에서 배우고 연구하는 주제는 무엇인가요?</font>
                        </div>
				</div>",http://kid.chosun.com/site/data/img_dir/2023/09/06/2023090602709_0.jpg
"[웃다보면 알게되는 저학년 수수께끼] 갓은 갓인데, 못 먹는 갓은?(14화)",,"
        글·그림=이창우 
        
    ",2023.09.05 23:00    ,http://kid.chosun.com/site/data/img_dir/2023/09/05/2023090502610_thumb.jpg,,"<div class=""read-news article"" id=""article"">
                        
                        <div class=""Paragraph"">
                                		
                                            <div class=""center_img"">
                                                <dl style=""width:770px;"">
                                                    <dd>							  
                                                        
                                                        <img id=""artImg0"" src=""http://kid.chosun.com/site/data/img_dir/2023/09/05/2023090502612_0.jpg"" width=""770"" height=""505"" alt="" [웃다보면 알게되는 저학년 수수께끼] 갓은 갓인데, 못 먹는 갓은?(14화) "">
                                                        
                                                    </dd>
                                                    
                                                </dl>
                                            </div>
                            
                        </div>
				</div>",http://kid.chosun.com/site/data/img_dir/2023/09/05/2023090502612_0.jpg
[찰칵찰칵!] ‘새하얀 퓨마’ 탄생 세상에 4마리뿐이래요,,"
        신자영 기자 
         ",2023.09.06 20:00    ,http://kid.chosun.com/site/data/img_dir/2023/09/05/2023090502610_thumb.jpg,"최근 중앙아메리카 니카라과의 중부도시 후이갈파에 위치한 토마스 벨트 동물원에서 태어난 흰 퓨마예요. 흰 퓨마가 전 세계에 3마리만 있을 정도로 희귀해 화제가 됐죠. '알비노 퓨마'로 불리는 흰 퓨마는 선천적인 멜라닌 색소 결핍으로 온몸이 하얀 게 특징이랍니다.흰 퓨마는 3마리 형제 중 1마리로, 나머지 2마리는 다른 퓨마와 같이 갈색 털에 점박이 무늬가 있다고 전해졌어요. 흰 퓨마가 태어날 확률은 수만 분의 1일 정도로, 알비노 퓨마가 니카라과 동물원에서 태어난 건 이번이 처음이죠. 새로 태어나면서 전 세계에서 흰 퓨마는 이제 4마리가 됐답니다. 동물원 측은 ""흰 새끼 퓨마가 다른 형제처럼 건강해 보이지만 유독 햇볕에는 약한 것 같다""며 ""생후 3개월이 지나면 대중에게 공개할 계획""이라고 밝혔어요.","<div class=""read-news article"" id=""article"">
                        
                        <div class=""Paragraph"">
                                		
                                            <div class=""center_img"">
                                                <dl style=""width:700px;"">
                                                    <dd>							  
                                                        
                                                        <img id=""artImg0"" src=""http://kid.chosun.com/site/data/img_dir/2023/09/06/2023090602718_0.jpg"" width=""700"" height=""467"" alt=""	/로이터 뉴스1 "">
                                                        
                                                    </dd>
                                                    <dt><span>▲</span> /로이터 뉴스1</dt>
                                                </dl>
                                            </div>
                            <div>최근 중앙아메리카 니카라과의 중부도시 후이갈파에 위치한 토마스 벨트 동물원에서 태어난 흰 퓨마예요. 흰 퓨마가 전 세계에 3마리만 있을 정도로 희귀해 화제가 됐죠. '알비노 퓨마'로 불리는 흰 퓨마는 선천적인 멜라닌 색소 결핍으로 온몸이 하얀 게 특징이랍니다.</div><div><br></div><div>흰 퓨마는 3마리 형제 중 1마리로, 나머지 2마리는 다른 퓨마와 같이 갈색 털에 점박이 무늬가 있다고 전해졌어요. 흰 퓨마가 태어날 확률은 수만 분의 1일 정도로, 알비노 퓨마가 니카라과 동물원에서 태어난 건 이번이 처음이죠. 새로 태어나면서 전 세계에서 흰 퓨마는 이제 4마리가 됐답니다. 동물원 측은 ""흰 새끼 퓨마가 다른 형제처럼 건강해 보이지만 유독 햇볕에는 약한 것 같다""며 ""생후 3개월이 지나면 대중에게 공개할 계획""이라고 밝혔어요.</div>
                        </div>
                        
                        <div class=""Paragraph"">
                            <font color=""#ff0000"">→ 알비노는 다양한 동물에게서 나타나요. 우리가 알고 있는 알비노 동물은 무엇이 있을까요?</font>
                        </div>
				</div>",http://kid.chosun.com/site/data/img_dir/2023/09/06/2023090602718_0.jpg
실컷 먹고 ‘뇌 세포’ 조절해 살 뺀다고?,"국내 연구진, 체중 조절하는 뇌 신경세포 '가브라5' 발견","
        현기성 기자 
         ",2023.09.06 20:00    ,http://kid.chosun.com/site/data/img_dir/2023/09/06/2023090602784_thumb.jpg,"식도락(食道樂). 여러 가지 음식을 두루 맛보는 것을 즐거움으로 삼는 일이라는 뜻이에요. 세상에는 다양한 맛과 음식이 있어요. 모든 음식을 맛보며 즐기고 싶지만 건강, 특히 비만을 예방하기 위해선 힘들게 식이조절을 해야만 하죠. 이창준 기초과학연구원(IBS) 인지 및 사회성 연구단장 연구팀이 뇌 신경세포를 조절해 마음껏 음식을 먹어도 체중을 조절할 수 있는 방법을 찾았답니다.연구진은 뇌에서 공복감과 체내 에너지 균형을 조절하는 부위 '측시상하부'에 집중했고, 해당 부위에서 신경 세포 '가브라(GABRA)5'를 발견했죠. 비만 쥐를 대상으로 가브라5 세포의 활동을 억제하니 지방이 축적되고, 체중이 증가했답니다. 반대로 세포를 활성화시키니 체중이 감소했어요. 체중 조절의 핵심 열쇠가 뇌 신경세포였던 거죠. 이에 연구진은 가브라5 세포의 활동을 조절할 수 있는 신약 'KDS2010'을 개발했어요. 또 동물실험으로 효과를 확인했답니다.연구진은 ""비만 원인이 뇌에 있음을 명쾌하게 밝힌 최초의 연구""라며 ""내년부터 임상에 들어갈 예정""이라고 설명했어요. 해당 연구 결과는 9월 1일, 국제 학술지 '네이처 메타볼리즘'에 게재됐답니다.","<div class=""read-news article"" id=""article"">
                        <h3>국내 연구진, 체중 조절하는 뇌 신경세포 '가브라5' 발견</h3>
                        <div class=""Paragraph"">
                                		
                                            <div class=""center_img"">
                                                <dl style=""width:700px;"">
                                                    <dd>							  
                                                        
                                                        <img id=""artImg0"" src=""http://kid.chosun.com/site/data/img_dir/2023/09/06/2023090602731_0.jpg"" width=""700"" height=""781"" alt=""	/아이클릭아트 "">
                                                        
                                                    </dd>
                                                    <dt><span>▲</span> /아이클릭아트</dt>
                                                </dl>
                                            </div>
                            <div>식도락(食道樂). 여러 가지 음식을 두루 맛보는 것을 즐거움으로 삼는 일이라는 뜻이에요. 세상에는 다양한 맛과 음식이 있어요. 모든 음식을 맛보며 즐기고 싶지만 건강, 특히 비만을 예방하기 위해선 힘들게 식이조절을 해야만 하죠. 이창준 기초과학연구원(IBS) 인지 및 사회성 연구단장 연구팀이 뇌 신경세포를 조절해 마음껏 음식을 먹어도 체중을 조절할 수 있는 방법을 찾았답니다.</div><div><br></div><div>연구진은 뇌에서 공복감과 체내 에너지 균형을 조절하는 부위 '측시상하부'에 집중했고, 해당 부위에서 신경 세포 '가브라(GABRA)5'를 발견했죠. 비만 쥐를 대상으로 가브라5 세포의 활동을 억제하니 지방이 축적되고, 체중이 증가했답니다. 반대로 세포를 활성화시키니 체중이 감소했어요. 체중 조절의 핵심 열쇠가 뇌 신경세포였던 거죠. 이에 연구진은 가브라5 세포의 활동을 조절할 수 있는 신약 'KDS2010'을 개발했어요. 또 동물실험으로 효과를 확인했답니다.</div><div><br></div><div>연구진은 ""비만 원인이 뇌에 있음을 명쾌하게 밝힌 최초의 연구""라며 ""내년부터 임상에 들어갈 예정""이라고 설명했어요. 해당 연구 결과는 9월 1일, 국제 학술지 '네이처 메타볼리즘'에 게재됐답니다.</div>
                        </div>
                        
                        <div class=""Paragraph"">
                            <font color=""#ff0000"">→ 건강, 가격 등을 신경 쓰지 않고 마음껏 먹고 싶은 음식 1가지를 골라보세요. 이유와 음식에 대한 정보를 적어보세요.</font>
                        </div>
				</div>",http://kid.chosun.com/site/data/img_dir/2023/09/06/2023090602731_0.jpg
[신문은 선생님 그래픽 뉴스] 동위원소 연대 측정법,탄소 성질 활용해미술품 나이 밝혀,"
        정리=신자영 기자 
         ",2023.09.06 20:00    ,http://kid.chosun.com/site/data/img_dir/2023/09/06/2023090602784_thumb.jpg,,"<div class=""read-news article"" id=""article"">
                        <h3>탄소 성질 활용해미술품 나이 밝혀</h3>
                        <div class=""Paragraph"">
                                		
                                            <div class=""center_img"">
                                                <dl style=""width:700px;"">
                                                    <dd>							  
                                                        
                                                        <img id=""artImg0"" src=""http://kid.chosun.com/site/data/img_dir/2023/09/06/2023090602746_0.jpg"" width=""700"" height=""1685"" alt=""	그래픽=유재일 "">
                                                        
                                                    </dd>
                                                    <dt><span>▲</span> 그래픽=유재일</dt>
                                                </dl>
                                            </div>
                            2011년, 작자 미상 그림이 다빈치의 작품으로 판정됐어요. 1945년 밀라노 공작의 딸을 그린 '아름다운 공주(La bella principessa)'가 그 주인공입니다. 작품을 확인할 수 있었던 건 '탄소 동위원소' 덕분이었는데요. 동위원소에는 종류가 있고, 만들어지는 이유 또한 다양하답니다.
                        </div>
                        
                        <div class=""Paragraph"">
                            <font color=""#ff0000"">→ 방사성 동위원소는 우리 삶 곳곳에 유용하게 쓰여요. 어디에서 어떤 원소가 쓰이는지 찾아봅시다.</font>
                        </div>
				</div>",http://kid.chosun.com/site/data/img_dir/2023/09/06/2023090602746_0.jpg
[교과서 한자어] 白露(백로),,"
        어린이조선일보 
        
    ",2023.09.06 20:00    ,http://kid.chosun.com/site/data/img_dir/2023/09/06/2023090602784_thumb.jpg,,"<div class=""read-news article"" id=""article"">
                        
                        <div class=""Paragraph"">
                                		
                                            <div class=""center_img"">
                                                <dl style=""width:700px;"">
                                                    <dd>							  
                                                        
                                                        <img id=""artImg0"" src=""http://kid.chosun.com/site/data/img_dir/2023/09/06/2023090602917_0.jpg"" width=""700"" height=""462"" alt="" [교과서 한자어] 白露(백로) "">
                                                        
                                                    </dd>
                                                    
                                                </dl>
                                            </div>
                            
                        </div>
				</div>",http://kid.chosun.com/site/data/img_dir/2023/09/06/2023090602917_0.jpg
[웃다보면 알게되는 저학년 수수께끼] 자기 나이를 아는 채소는?(15화),,"
        글·그림=이창우 
        
    ",2023.09.06 20:00    ,http://kid.chosun.com/site/data/img_dir/2023/09/06/2023090602784_thumb.jpg,,"<div class=""read-news article"" id=""article"">
                        
                        <div class=""Paragraph"">
                                		
                                            <div class=""center_img"">
                                                <dl style=""width:700px;"">
                                                    <dd>							  
                                                        
                                                        <img id=""artImg0"" src=""http://kid.chosun.com/site/data/img_dir/2023/09/06/2023090602872_0.jpg"" width=""700"" height=""455"" alt="" [웃다보면 알게되는 저학년 수수께끼] 자기 나이를 아는 채소는?(15화) "">
                                                        
                                                    </dd>
                                                    
                                                </dl>
                                            </div>
                            
                        </div>
				</div>",http://kid.chosun.com/site/data/img_dir/2023/09/06/2023090602872_0.jpg
[5분 뚝딱 철학] “관념과 사상은 실생활 문제 해결하는 도구일 뿐”,,"
        정리=현기성 기자 
         ",2023.09.06 20:00    ,http://kid.chosun.com/site/data/img_dir/2023/09/06/2023090602784_thumb.jpg,,"<div class=""read-news article"" id=""article"">
                        
                        <div class=""Paragraph"">
                            <div style=""background: rgb(0, 142, 125); padding: 1px 15px 3px; border-radius: 3px; display: inline-block;""><strong><font color=""#ffed8c"">현대</font></strong></div> <div style=""padding: 0px 15px 2px; border-radius: 3px; border: 1px solid rgb(0, 142, 125); display: inline-block;""><strong><font color=""#00ac98"">인식</font></strong></div>  <strong><font color=""#008e7d"">실용주의</font></strong>
                        </div>
                        
                        <div class=""Paragraph"">
                            <div style=""background:#ffee8d; padding: 20px; border-radius: 5px;""><img alt="""" align=""right"" style=""margin: 7px 0px 5px 15px; vertical-align: top;"" src=""http://kid.chosun.com/site/data/img_dir/2023/09/06/20230907_05_01_1.jpg"">미국에서는 19세기 후반까지 독일 관념론이 만연하다가 이후 실용주의가 주목받았어요. 퍼스가 실용주의의 씨를 뿌리고, 제임스가 꽃을 피우고, 나중에 듀이가 집대성하면서 실용주의의 열매를 맺었죠.</div>
                        </div>
                        
                        <div class=""Paragraph"">
                                		
                                            <dl class=""right_img"" style=""width:200px;"">
                                                <dd>							  
                                                    
                                                    <img id=""artImg2"" src=""http://kid.chosun.com/site/data/img_dir/2023/09/06/2023090602814_0.jpg"" width=""200"" height=""200"" alt="" [5분 뚝딱 철학] “관념과 사상은 실생활 문제 해결하는 도구일 뿐” "">
                                                    
                                                </dd>
                                                
                                            </dl>
                            <div><b><font color=""#009966"">퍼스: 의미의 이론</font></b></div><div><br></div><div>미국의 분석철학자이자 기호논리학자인 찰스 샌더스 퍼스는 명석판명한 관념을 얻기 위해서 필요한 것은 이성도 아니고 사고도 아니고 '실험'이라고 주장합니다. '무겁다'는 관념을 정확히 알기 위해서는 쇠와 돌을 천칭에 올려놓는 실험을 해봐야 한다는 것이죠. 그러한 실험, 실천 그리고 행위를 그리스어로 프라그마(Pragma)라고 하는데, 여기에서 프래그머티즘 실용주의라는 말이 나왔어요.</div>
                        </div>
                        
                        <div class=""Paragraph"">
                                		
                                            <div class=""center_img"">
                                                <dl style=""width:300px;"">
                                                    <dd>							  
                                                        
                                                        <img id=""artImg3"" src=""http://kid.chosun.com/site/data/img_dir/2023/09/06/2023090602814_1.jpg"" width=""300"" height=""191"" alt="" [5분 뚝딱 철학] “관념과 사상은 실생활 문제 해결하는 도구일 뿐” "">
                                                        
                                                    </dd>
                                                    
                                                </dl>
                                            </div>
                            퍼스의 결론은 한마디로 의미는 실험, 실천, 행위를 통해서만 얻을 수 있다는 것입니다. 이것을 '의미의 이론'이라고 합니다.
                        </div>
                        
                        <div class=""Paragraph"">
                                		
                                            <dl class=""right_img"" style=""width:200px;"">
                                                <dd>							  
                                                    
                                                    <img id=""artImg4"" src=""http://kid.chosun.com/site/data/img_dir/2023/09/06/2023090602814_2.jpg"" width=""200"" height=""200"" alt="" [5분 뚝딱 철학] “관념과 사상은 실생활 문제 해결하는 도구일 뿐” "">
                                                    
                                                </dd>
                                                
                                            </dl>
                            <div><b><font color=""#009966"">윌리엄 제임스: 진리의 이론</font></b></div><div><br></div><div>미국의 철학자이자 심리학자인 윌리엄 제임스는 퍼스의 의미의 이론을 진리의 이론으로 확대합니다. 제임스는 진리의 기준을 실생활에서의 유용성으로 봅니다.</div>
                        </div>
                        
                        <div class=""Paragraph"">
                                		
                                            <div class=""center_img"">
                                                <dl style=""width:365px;"">
                                                    <dd>							  
                                                        
                                                        <img id=""artImg5"" src=""http://kid.chosun.com/site/data/img_dir/2023/09/06/2023090602814_3.jpg"" width=""365"" height=""252"" alt="" [5분 뚝딱 철학] “관념과 사상은 실생활 문제 해결하는 도구일 뿐” "">
                                                        
                                                    </dd>
                                                    
                                                </dl>
                                            </div>
                            <div>""진리에는 현금 가치가 있다.""</div><div><br></div><div>제임스는 좀 더 파격적인 비유를 들어요. 유용성을 현금 가치로 매길 수 있다는 거죠. 예컨대 ""차는 나보다 강하다""는 믿음은 1억 원의 가치가 있고, ""수많은 우주가 존재한다""는 믿음은 1만 원의 가치가 있으며, ""신은 존재한다""는 믿음은 각자에게 다른 가치가 있다는 말이 되겠죠. 일종의 비유라고 봐야 합니다.</div>
                        </div>
                        
                        <div class=""Paragraph"">
                                		
                                            <dl class=""right_img"" style=""width:200px;"">
                                                <dd>							  
                                                    
                                                    <img id=""artImg6"" src=""http://kid.chosun.com/site/data/img_dir/2023/09/06/2023090602814_4.jpg"" width=""200"" height=""200"" alt="" [5분 뚝딱 철학] “관념과 사상은 실생활 문제 해결하는 도구일 뿐” "">
                                                    
                                                </dd>
                                                
                                            </dl>
                            <div><b><font color=""#009966"">듀이: 도구주의</font></b></div><div><br></div><div>미국의 철학자이자 심리학자, 교육학자인 존 듀이는 제임스의 실용주의와 다윈의 진화론을 결합해서 '도구주의'라는 이론을 내놨어요. 도구주의란 간단히 말해서 우리의 관념과 사상은 실생활에서 마주치는 문제해결을 위한 도구에 불과하다는 것입니다.</div><div><br></div><div>모든 생명체의 목적은 자신의 생명을 보존하는 거죠. 인간은 사회생활을 하기에 복잡한 문제를 푸는 능력이 생겼는데, 그것이 바로 '이성'입니다. 그 결과물인 ▲지식 ▲이론 ▲사상도 결국 현실적인 문제를 해결하기 위한 도구라는 겁니다.</div>
                        </div>
                        
                        <div class=""Paragraph"">
                            <div><b>● 5분 뚝딱 철학</b></div><div>김필영 글｜김주성 그림｜스마트북스</div>
                        </div>
				</div>",
워드 서치,,"
        어린이조선일보 
        
    ",2023.09.06 20:00    ,http://kid.chosun.com/site/data/img_dir/2023/09/06/2023090602784_thumb.jpg,,"<div class=""read-news article"" id=""article"">
                        
                        <div class=""Paragraph"">
                                		
                                            <div class=""center_img"">
                                                <dl style=""width:700px;"">
                                                    <dd>							  
                                                        
                                                        <img id=""artImg0"" src=""http://kid.chosun.com/site/data/img_dir/2023/09/06/2023090602923_0.jpg"" width=""700"" height=""731"" alt="" 워드 서치 "">
                                                        
                                                    </dd>
                                                    
                                                </dl>
                                            </div>
                            
                        </div>
				</div>",http://kid.chosun.com/site/data/img_dir/2023/09/06/2023090602923_0.jpg
[우리 동네 착한 맛집] ‘보들보들’ 계란 이불 덮은 김밥 무장아찌 올려 먹으니 계속 들어가네,,"
        세종=글·사진 현기성 기자 
         ",2023.09.06 20:00    ,http://kid.chosun.com/site/data/img_dir/2023/09/06/2023090602784_thumb.jpg,● 주소: 세종 갈매로 364 120호 장수계란말이김밥 세종점● 영업 시간: 오전 8시~오후 8시● 브레이크 타임: 오후 2시 30분~4시 30분● 정기 휴무일: 매주 일요일,"<div class=""read-news article"" id=""article"">
                        
                        <div class=""Paragraph"">
                            <div style=""background: rgb(212, 31, 50); padding: 3px 15px 5px; border-radius: 3px; margin-left: 10px; display: inline-block;""><font color=""#ffffff""><strong>장수계란말이김밥</strong> 세종점</font></div> <div style=""margin: -20px 0px 0px; padding: 0px 20px 15px; border-radius: 5px; border: 1px dashed rgb(212, 31, 50); border-image: none;""><br>● 주소: 세종 갈매로 364 120호 장수계란말이김밥 세종점<br>● 영업 시간: 오전 8시~오후 8시<br>● 브레이크 타임: 오후 2시 30분~4시 30분<br>● 정기 휴무일: 매주 일요일</div>
                        </div>
                        
                        <div class=""Paragraph"">
                                		
                                            <div class=""center_img"">
                                                <dl style=""width:700px;"">
                                                    <dd>							  
                                                        
                                                        <img id=""artImg1"" src=""http://kid.chosun.com/site/data/img_dir/2023/09/06/2023090602890_0.jpg"" width=""700"" height=""525"" alt=""	전효지(왼쪽) 명예기자는 우동보다 김밥을, 전효리 명예기자는 김밥보다 우동을 더 좋아했어요. "">
                                                        
                                                    </dd>
                                                    <dt><span>▲</span> 전효지(왼쪽) 명예기자는 우동보다 김밥을, 전효리 명예기자는 김밥보다 우동을 더 좋아했어요.</dt>
                                                </dl>
                                            </div>
                            한입에 쏙 넣기 좋게 동그란 모양, 흑백 사이에 알록달록한 색깔. 이번에 소개할 음식은 '김밥'이에요. 가장 바깥 면을 까만 김으로 싸기 때문에 김밥인 건데, 이곳 김밥은 계란으로 싸서 신기했어요. 우리 동네 착한 맛집에서 소개하는 열다섯 번째 맛집은 '장수계란말이김밥'입니다. 세종에 사는 전효지(세종 연양초 4), 전효리(세종 연양초 3) 명예기자 자매가 제보한 곳이죠. 비가 추적추적 내리고, 태풍 직전이라 강풍이 부는 날 맛집을 찾았어요.
                        </div>
                        
                        <div class=""Paragraph"">
                            <div><b><font color=""#990000"">현기성 기자 “매콤 짭짤한 무장아찌와 부드러운 계란말이 김밥, 잘 어울려요!”</font></b></div><div><br></div><div>효지, 효리 자매가 자주 먹는 메뉴인 김밥과 우동을 주문했어요. 동글동글 작은 김밥이 정갈하게 놓인 모습과 김이 모락모락 나는 우동을 보니 군침이 돌았어요. 점심시간이 훌쩍 지났는데도 말이죠. 먼저 김밥에는 단무지와 소시지가 들어 있었어요. 자극적인 맛이 전혀 없었고, 입에 넣자마자 계란의 부드러움이 느껴져 좋았답니다. 깨가 잔뜩 뿌려진 무장아찌랑 먹으니 또 달랐어요. 장아찌의 짠맛에 김밥이 또 당기더라고요. 점심을 이미 먹고 와서 많이는 못 먹을 줄 알았지만 웬걸요. 아기자기한 김밥을 하나둘 먹다 보니 금방 먹게 됐답니다. 효지, 효리 자매는 바로 앞 서점에 가면서 이곳을 자주 방문한다고 했어요. 서점에서 마음의 양식을, 이곳에서 배의 양식을 채운다고 생각하니 든든해지더라고요. 김밥을 먹고 셋이 함께 손을 맞잡고 서점에 갔답니다.</div>
                        </div>
                        
                        <div class=""Paragraph"">
                                		
                                            <div class=""center_img"">
                                                <dl style=""width:700px;"">
                                                    <dd>							  
                                                        
                                                        <img id=""artImg3"" src=""http://kid.chosun.com/site/data/img_dir/2023/09/06/2023090602890_1.jpg"" width=""700"" height=""525"" alt=""	김밥 간이 삼삼하고, 크기가 보통 김밥보다 작아 아이들에게 안성맞춤이었어요. 짠맛을 좋아한다면 무장아찌랑 같이 먹는 걸 추천합니다. "">
                                                        
                                                    </dd>
                                                    <dt><span>▲</span> 김밥 간이 삼삼하고, 크기가 보통 김밥보다 작아 아이들에게 안성맞춤이었어요. 짠맛을 좋아한다면 무장아찌랑 같이 먹는 걸 추천합니다.</dt>
                                                </dl>
                                            </div>
                            <div><b><font color=""#990000"">전효지 명예기자 “꼬마 김밥이라 한입에 쏙~”</font></b></div><div><br></div><div>제가 이곳을 소개한 이유는 다른 김밥들은 겉이 얇은 김으로 싸여 있지만 이 집의 김밥은 말랑하고 맛있는 계란과 김으로 싸여 있어서 더 맛있기 때문이에요. 그리고 어린이들이 먹기에도 한입에 쏙 들어갈 꼬마 김밥 크기라서 더욱 좋았답니다. 음식뿐만 아니라 깔끔한 내부와 위치, 가격 등 여러모로 최고의 가게인 것 같아요. 다음에는 김밥 말고도 이 가게에서 파는 다른 메뉴도 한번 먹어봐야겠다는 생각을 했어요.</div>
                        </div>
                        
                        <div class=""Paragraph"">
                            <div><b><font color=""#990000"">전효리 명예기자 “요술 같은 김밥, 나중에 그려볼래요”</font></b></div><div><br></div><div>평소에는 엄마랑 언니, 가족들과 자주 먹으러 오던 곳인데 인터뷰하면서 먹으니 새로운 기분을 느꼈어요. 조금 긴장하기도 했는데요. 우리 가족이 이곳을 세종 맛집으로 고른 이유, 장래 희망과 김밥의 맛, 좋아하는 것 등 다양하게 이야기했어요. 이곳 김밥이 요술 같은 이유를 꼽았어요. 소시지 맛이 강하게 나고 고소한 맛이 일품이라서 요술 같아 제가 많이 좋아한답니다. 제 장래 희망은 일러스트레이터인데, 다음에는 이 김밥의 그림도 한번 그려봐야겠다는 생각도 했어요. 익숙한 음식과 한결같은 맛, 새로운 경험이 함께한 즐거운 시간이었답니다.</div><div><br></div><div style=""text-align: right;"">&lt;연재 끝&gt;</div>
                        </div>
				</div>",
5분 스도쿠,,"
        어린이조선일보 
        
    ",2023.09.06 20:00    ,http://kid.chosun.com/site/data/img_dir/2023/09/06/2023090602784_thumb.jpg,,"<div class=""read-news article"" id=""article"">
                        
                        <div class=""Paragraph"">
                                		
                                            <div class=""center_img"">
                                                <dl style=""width:700px;"">
                                                    <dd>							  
                                                        
                                                        <img id=""artImg0"" src=""http://kid.chosun.com/site/data/img_dir/2023/09/06/2023090602907_0.jpg"" width=""700"" height=""663"" alt="" 5분 스도쿠 "">
                                                        
                                                    </dd>
                                                    
                                                </dl>
                                            </div>
                            
                        </div>
				</div>",http://kid.chosun.com/site/data/img_dir/2023/09/06/2023090602907_0.jpg
